[
  {
    "first_name": "Amit",
    "last_name": "Sharma",
    "city": "Mumbai",
    "contact_number": "9876543210"
  },
  {
    "first_name": "Amit",
    "last_name": "Verma",
    "city": "Delhi",
    "contact_number": "9123456789"
  },
  {
    "first_name": "Sandeep",
    "last_name": "Gupta",
    "city": "Bangalore",
    "contact_number": "9876549870"
  },
  {
    "first_name": "Sandeep",
    "last_name": "Kumar",
    "city": "Hyderabad",
    "contact_number": "9871234567"
  },
  {
    "first_name": "Priya",
    "last_name": "Mehta",
    "city": "Ahmedabad",
    "contact_number": "9874561230"
  },
  {
    "first_name": "Priya",
    "last_name": "Chopra",
    "city": "Pune",
    "contact_number": "9112345678"
  },
  {
    "first_name": "Rajesh",
    "last_name": "Singh",
    "city": "Jaipur",
    "contact_number": "9907654321"
  },
  {
    "first_name": "Rajesh",
    "last_name": "Yadav",
    "city": "Lucknow",
    "contact_number": "9812345678"
  },
  {
    "first_name": "Ankita",
    "last_name": "Patel",
    "city": "Surat",
    "contact_number": "9123459876"
  },
  {
    "first_name": "Ankita",
    "last_name": "Jain",
    "city": "Chennai",
    "contact_number": "9812341234"
  },
  {
    "first_name": "Saurabh",
    "last_name": "Shah",
    "city": "Mumbai",
    "contact_number": "9876541222"
  },
  {
    "first_name": "Vikas",
    "last_name": "Agarwal",
    "city": "Delhi",
    "contact_number": "9901234567"
  },
  {
    "first_name": "Vikram",
    "last_name": "Rao",
    "city": "Bangalore",
    "contact_number": "9123456543"
  },
  {
    "first_name": "Sunil",
    "last_name": "Mishra",
    "city": "Kolkata",
    "contact_number": "9123453212"
  },
  {
    "first_name": "Sunita",
    "last_name": "Joshi",
    "city": "Pune",
    "contact_number": "9876547890"
  },
  {
    "first_name": "Suresh",
    "last_name": "Nair",
    "city": "Hyderabad",
    "contact_number": "9909876543"
  },
  {
    "first_name": "Ravi",
    "last_name": "Pandey",
    "city": "Chennai",
    "contact_number": "9870987654"
  },
  {
    "first_name": "Rakesh",
    "last_name": "Iyer",
    "city": "Mumbai",
    "contact_number": "9123454321"
  },
  {
    "first_name": "Preeti",
    "last_name": "Thakur",
    "city": "Indore",
    "contact_number": "9876543444"
  },
  {
    "first_name": "Rahul",
    "last_name": "Bajpai",
    "city": "Delhi",
    "contact_number": "9123456781"
  },
  {
    "first_name": "Gaurav",
    "last_name": "Kapoor",
    "city": "Noida",
    "contact_number": "9876567890"
  },
  {
    "first_name": "Sneha",
    "last_name": "Saxena",
    "city": "Chandigarh",
    "contact_number": "9912345678"
  },
  {
    "first_name": "Sameer",
    "last_name": "Malhotra",
    "city": "Gurgaon",
    "contact_number": "9873214567"
  },
  {
    "first_name": "Santosh",
    "last_name": "Das",
    "city": "Kolkata",
    "contact_number": "9123456782"
  },
  {
    "first_name": "Rohit",
    "last_name": "Srivastava",
    "city": "Varanasi",
    "contact_number": "9877654321"
  },
  {
    "first_name": "Poonam",
    "last_name": "Singh",
    "city": "Patna",
    "contact_number": "9123456545"
  },
  {
    "first_name": "Divya",
    "last_name": "Bhatia",
    "city": "Bhopal",
    "contact_number": "9876542233"
  },
  {
    "first_name": "Deepak",
    "last_name": "Kohli",
    "city": "Bangalore",
    "contact_number": "9901231234"
  },
  {
    "first_name": "Manish",
    "last_name": "Reddy",
    "city": "Hyderabad",
    "contact_number": "9812346789"
  },
  {
    "first_name": "Neha",
    "last_name": "Varma",
    "city": "Lucknow",
    "contact_number": "9876545667"
  },
  {
    "first_name": "Neha",
    "last_name": "Pillai",
    "city": "Delhi",
    "contact_number": "9123457890"
  },
  {
    "first_name": "Harish",
    "last_name": "Bose",
    "city": "Kolkata",
    "contact_number": "9876541987"
  },
  {
    "first_name": "Kiran",
    "last_name": "Dutta",
    "city": "Mumbai",
    "contact_number": "9812345670"
  },
  {
    "first_name": "Pradeep",
    "last_name": "Malik",
    "city": "Jaipur",
    "contact_number": "9123458876"
  },
  {
    "first_name": "Ishaan",
    "last_name": "Gupta",
    "city": "Surat",
    "contact_number": "9908765432"
  },
  {
    "first_name": "Ishita",
    "last_name": "Sethi",
    "city": "Chandigarh",
    "contact_number": "9812341230"
  },
  {
    "first_name": "Akash",
    "last_name": "Ahuja",
    "city": "Gurgaon",
    "contact_number": "9123451223"
  },
  {
    "first_name": "Alok",
    "last_name": "Tiwari",
    "city": "Indore",
    "contact_number": "9901237654"
  },
  {
    "first_name": "Aman",
    "last_name": "Jaiswal",
    "city": "Pune",
    "contact_number": "9812348887"
  },
  {
    "first_name": "Anup",
    "last_name": "Saxena",
    "city": "Bangalore",
    "contact_number": "9876543345"
  },
  {
    "first_name": "Arun",
    "last_name": "Nanda",
    "city": "Chennai",
    "contact_number": "9123459988"
  },
  {
    "first_name": "Aarti",
    "last_name": "Bhardwaj",
    "city": "Delhi",
    "contact_number": "9876547765"
  },
  {
    "first_name": "Nikhil",
    "last_name": "Kapoor",
    "city": "Jaipur",
    "contact_number": "9901239876"
  },
  {
    "first_name": "Pankaj",
    "last_name": "Sharma",
    "city": "Ahmedabad",
    "contact_number": "9123455443"
  },
  {
    "first_name": "Varun",
    "last_name": "Chatterjee",
    "city": "Kolkata",
    "contact_number": "9876549009"
  },
  {
    "first_name": "Asha",
    "last_name": "Chawla",
    "city": "Patna",
    "contact_number": "9876549988"
  },
  {
    "first_name": "Ashish",
    "last_name": "Madhur",
    "city": "Bhopal",
    "contact_number": "9812346654"
  },
  {
    "first_name": "Aditya",
    "last_name": "Desai",
    "city": "Surat",
    "contact_number": "9876548876"
  }
]
